{
  "target_col": "glucose_level",
  "feature_names": [
    "date",
    "meal",
    "exercise",
    "basis_heart_rate",
    "basis_steps",
    "basis_sleep",
    "bolus",
    "basal",
    "glucose_rolling_mean_30min",
    "glucose_volatility",
    "time_in_range",
    "glucose_change",
    "glucose_acceleration",
    "hour",
    "minute",
    "hour_mean_diff",
    "hour_trend",
    "hour_range"
  ],
  "n_features": 18,
  "n_bits_total": 148,
  "thresholds_file": "thresholds.bin",
  "thresholds_dtype": "float32",
  "threshold_offsets": [
    0,
    8,
    20,
    28,
    36,
    41,
    49,
    61,
    73,
    85,
    91,
    97,
    105,
    111,
    116,
    122,
    132,
    140,
    148
  ],
  "pos_mask_file": "pos_mask.bin",
  "neg_mask_file": "neg_mask.bin",
  "mask_dtype": "uint64",
  "n_clauses": 500,
  "n_words": 3,
  "clause_weights_file": "clause_weights.bin",
  "head_dtype": "float32",
  "t_param": 5000,
  "min_y": 0.0,
  "max_y": 477.0,
  "hourly_mean": {
    "0": 137.16687224669604,
    "1": 134.48,
    "2": 133.05197322057788,
    "3": 136.88090204369274,
    "4": 139.35360479464129,
    "5": 137.49187853107344,
    "6": 131.57821327683615,
    "7": 136.1088110403397,
    "8": 149.99327671620665,
    "9": 151.06133664243927,
    "10": 141.1160191591272,
    "11": 129.99503634107427,
    "12": 130.91318894171508,
    "13": 143.14922480620154,
    "14": 147.82667844522967,
    "15": 150.19939844302903,
    "16": 146.08787718369507,
    "17": 141.61790047476703,
    "18": 139.17862165963433,
    "19": 142.71891511095455,
    "20": 145.35412262156447,
    "21": 148.5635593220339,
    "22": 146.12081488042514,
    "23": 142.53191489361703
  },
  "hourly_range": {
    "0": 381.0,
    "1": 380.0,
    "2": 334.0,
    "3": 328.0,
    "4": 384.0,
    "5": 367.0,
    "6": 386.0,
    "7": 377.0,
    "8": 400.0,
    "9": 400.0,
    "10": 400.0,
    "11": 400.0,
    "12": 400.0,
    "13": 400.0,
    "14": 400.0,
    "15": 400.0,
    "16": 400.0,
    "17": 400.0,
    "18": 400.0,
    "19": 477.0,
    "20": 400.0,
    "21": 458.0,
    "22": 422.0,
    "23": 392.0
  }
}